{"mean":{"confidence_interval":{"confidence_level":0.95,"lower_bound":8709190.50958333,"upper_bound":8714672.338624999},"point_estimate":8711760.92,"standard_error":1399.7888447598384},"median":{"confidence_interval":{"confidence_level":0.95,"lower_bound":8706168.0,"upper_bound":8712038.166666666},"point_estimate":8708568.666666668,"standard_error":1513.44196943873},"median_abs_dev":{"confidence_interval":{"confidence_level":0.95,"lower_bound":7471.191917359829,"upper_bound":12711.565074322767},"point_estimate":9120.21373808384,"standard_error":1377.8308947171154},"slope":null,"std_dev":{"confidence_interval":{"confidence_level":0.95,"lower_bound":9737.11036174386,"upper_bound":18865.237175754126},"point_estimate":13981.041300949642,"standard_error":2574.5125668151304}}