{"mean":{"confidence_interval":{"confidence_level":0.95,"lower_bound":3298357.95915625,"upper_bound":3300041.004375},"point_estimate":3299178.7975,"standard_error":430.7129887178485},"median":{"confidence_interval":{"confidence_level":0.95,"lower_bound":3297809.71875,"upper_bound":3299032.8125},"point_estimate":3298375.3125,"standard_error":328.3525454519887},"median_abs_dev":{"confidence_interval":{"confidence_level":0.95,"lower_bound":2381.0092264786363,"upper_bound":4155.0790887326},"point_estimate":3320.189978554845,"standard_error":458.4072296753749},"slope":null,"std_dev":{"confidence_interval":{"confidence_level":0.95,"lower_bound":3427.553199958503,"upper_bound":5105.31740868728},"point_estimate":4314.158994724757,"standard_error":429.39229447299624}}