{"mean":{"confidence_interval":{"confidence_level":0.95,"lower_bound":3267904.9692031248,"upper_bound":3269777.433390625},"point_estimate":3268824.135,"standard_error":476.5112083208552},"median":{"confidence_interval":{"confidence_level":0.95,"lower_bound":3266989.9375,"upper_bound":3269295.125},"point_estimate":3267683.90625,"standard_error":540.0185033833982},"median_abs_dev":{"confidence_interval":{"confidence_level":0.95,"lower_bound":3118.1394008919597,"upper_bound":5423.628691211343},"point_estimate":4862.093951180577,"standard_error":608.7547826201019},"slope":null,"std_dev":{"confidence_interval":{"confidence_level":0.95,"lower_bound":4023.2589427025164,"upper_bound":5501.483697698914},"point_estimate":4806.423115517602,"standard_error":377.60018620301736}}