{"mean":{"confidence_interval":{"confidence_level":0.95,"lower_bound":9080418.748333333,"upper_bound":9087068.576958332},"point_estimate":9083749.530000003,"standard_error":1709.0968420170336},"median":{"confidence_interval":{"confidence_level":0.95,"lower_bound":9083364.25,"upper_bound":9087938.5},"point_estimate":9085346.416666668,"standard_error":1060.6277160538073},"median_abs_dev":{"confidence_interval":{"confidence_level":0.95,"lower_bound":10796.78720831963,"upper_bound":21039.82332646893},"point_estimate":17180.368494986105,"standard_error":2571.910054513991},"slope":null,"std_dev":{"confidence_interval":{"confidence_level":0.95,"lower_bound":14499.686562687853,"upper_bound":19595.55799024649},"point_estimate":17130.592731366178,"standard_error":1293.530752756746}}