{"mean":{"confidence_interval":{"confidence_level":0.95,"lower_bound":1380573.361519309,"upper_bound":1393214.6121687193},"point_estimate":1385260.6347292054,"standard_error":3463.589137962113},"median":{"confidence_interval":{"confidence_level":0.95,"lower_bound":1379810.25,"upper_bound":1380613.85199241},"point_estimate":1380174.8612440191,"standard_error":183.5150000978753},"median_abs_dev":{"confidence_interval":{"confidence_level":0.95,"lower_bound":948.91115678971,"upper_bound":1819.8188092550213},"point_estimate":1251.468942832064,"standard_error":222.3568335601683},"slope":{"confidence_interval":{"confidence_level":0.95,"lower_bound":1379748.587842893,"upper_bound":1380255.4558990733},"point_estimate":1379979.8251869367,"standard_error":128.766645825611},"std_dev":{"confidence_interval":{"confidence_level":0.95,"lower_bound":3550.0644571058215,"upper_bound":58166.35624940782},"point_estimate":34609.90942322206,"standard_error":17318.943264240952}}