{"mean":{"confidence_interval":{"confidence_level":0.95,"lower_bound":450320246.21833336,"upper_bound":450923637.1},"point_estimate":450619780.3666667,"standard_error":154150.4397462768},"median":{"confidence_interval":{"confidence_level":0.95,"lower_bound":450350956.0,"upper_bound":450923359.0},"point_estimate":450751639.5,"standard_error":137272.57572943767},"median_abs_dev":{"confidence_interval":{"confidence_level":0.95,"lower_bound":312570.6220507622,"upper_bound":809831.6880226135},"point_estimate":628998.2279330492,"standard_error":130348.28206809823},"slope":null,"std_dev":{"confidence_interval":{"confidence_level":0.95,"lower_bound":478250.84942953207,"upper_bound":1166563.464614833},"point_estimate":854845.8675191599,"standard_error":174291.03987496247}}