{"mean":{"confidence_interval":{"confidence_level":0.95,"lower_bound":188001.35560442798,"upper_bound":188549.81613300263},"point_estimate":188244.3323258864,"standard_error":142.10016124150988},"median":{"confidence_interval":{"confidence_level":0.95,"lower_bound":187877.01893939395,"upper_bound":188010.33982683983},"point_estimate":187940.44146825396,"standard_error":36.37153991077203},"median_abs_dev":{"confidence_interval":{"confidence_level":0.95,"lower_bound":292.9068679271912,"upper_bound":532.3002587646329},"point_estimate":439.03403470557566,"standard_error":59.79794528750531},"slope":{"confidence_interval":{"confidence_level":0.95,"lower_bound":187846.48255607672,"upper_bound":188020.38376405675},"point_estimate":187931.43880498497,"standard_error":44.46568370017119},"std_dev":{"confidence_interval":{"confidence_level":0.95,"lower_bound":569.2472929152807,"upper_bound":2100.8216193471294},"point_estimate":1428.50376314441,"standard_error":403.1226099606097}}