{"mean":{"confidence_interval":{"confidence_level":0.95,"lower_bound":19875181.534499995,"upper_bound":19885022.246666666},"point_estimate":19879985.12666667,"standard_error":2502.7656793477713},"median":{"confidence_interval":{"confidence_level":0.95,"lower_bound":19872893.5,"upper_bound":19883515.333333332},"point_estimate":19877692.0,"standard_error":2638.2414780119434},"median_abs_dev":{"confidence_interval":{"confidence_level":0.95,"lower_bound":16870.505100488663,"upper_bound":28639.3836915493},"point_estimate":22951.388892531395,"standard_error":3084.623330697634},"slope":null,"std_dev":{"confidence_interval":{"confidence_level":0.95,"lower_bound":20440.91265706288,"upper_bound":29618.455386958452},"point_estimate":25273.971194025955,"standard_error":2349.0083722688114}}