{"mean":{"confidence_interval":{"confidence_level":0.95,"lower_bound":6323.959709885783,"upper_bound":6337.419356083738},"point_estimate":6329.741640532692,"standard_error":3.4852953396541224},"median":{"confidence_interval":{"confidence_level":0.95,"lower_bound":6323.794007731959,"upper_bound":6327.177228885135},"point_estimate":6325.398009475989,"standard_error":0.758741113960899},"median_abs_dev":{"confidence_interval":{"confidence_level":0.95,"lower_bound":5.134808472867515,"upper_bound":8.597022250193067},"point_estimate":6.55941491986271,"standard_error":0.8463879979893436},"slope":{"confidence_interval":{"confidence_level":0.95,"lower_bound":6325.2866958318245,"upper_bound":6328.262337768836},"point_estimate":6326.743011360278,"standard_error":0.7550872806515536},"std_dev":{"confidence_interval":{"confidence_level":0.95,"lower_bound":10.192811074854767,"upper_bound":53.781818359423625},"point_estimate":34.83813336746866,"standard_error":11.286640413775183}}