{"mean":{"confidence_interval":{"confidence_level":0.95,"lower_bound":137348.6600580279,"upper_bound":137707.1419765639},"point_estimate":137497.60120534705,"standard_error":94.02957999643088},"median":{"confidence_interval":{"confidence_level":0.95,"lower_bound":137247.16517857142,"upper_bound":137364.8234375},"point_estimate":137305.2835372175,"standard_error":27.055008397723856},"median_abs_dev":{"confidence_interval":{"confidence_level":0.95,"lower_bound":169.8991858521341,"upper_bound":316.45219411724025},"point_estimate":232.36591109646253,"standard_error":37.0275323333626},"slope":{"confidence_interval":{"confidence_level":0.95,"lower_bound":137233.58307929838,"upper_bound":137348.02213409593},"point_estimate":137286.74077323778,"standard_error":28.98413673205102},"std_dev":{"confidence_interval":{"confidence_level":0.95,"lower_bound":308.0181423274618,"upper_bound":1500.686603633976},"point_estimate":938.8339599507375,"standard_error":351.35566202932426}}