{"mean":{"confidence_interval":{"confidence_level":0.95,"lower_bound":450766593.6041667,"upper_bound":451334669.8666667},"point_estimate":451054309.8333333,"standard_error":144655.69214463155},"median":{"confidence_interval":{"confidence_level":0.95,"lower_bound":450537674.0,"upper_bound":451534738.5},"point_estimate":451102225.5,"standard_error":230583.28106784436},"median_abs_dev":{"confidence_interval":{"confidence_level":0.95,"lower_bound":562237.4924182892,"upper_bound":1321968.420830369},"point_estimate":928318.8540190458,"standard_error":176787.65466817326},"slope":null,"std_dev":{"confidence_interval":{"confidence_level":0.95,"lower_bound":650292.1448294969,"upper_bound":930949.164228545},"point_estimate":811598.92084436,"standard_error":72128.71104579832}}