{"mean":{"confidence_interval":{"confidence_level":0.95,"lower_bound":72408085.45145833,"upper_bound":73007825.21666667},"point_estimate":72713834.025,"standard_error":153572.9616878199},"median":{"confidence_interval":{"confidence_level":0.95,"lower_bound":72322014.125,"upper_bound":73134804.125},"point_estimate":72638643.125,"standard_error":262516.5961897328},"median_abs_dev":{"confidence_interval":{"confidence_level":0.95,"lower_bound":569146.7789456248,"upper_bound":1325603.1999908388},"point_estimate":901191.7223006487,"standard_error":185983.9392325946},"slope":null,"std_dev":{"confidence_interval":{"confidence_level":0.95,"lower_bound":653937.6755569067,"upper_bound":1008433.9245342015},"point_estimate":851880.3332101059,"standard_error":91314.04252051751}}