{"mean":{"confidence_interval":{"confidence_level":0.95,"lower_bound":20339711.45666666,"upper_bound":20351204.340000004},"point_estimate":20345281.506666675,"standard_error":2935.5583526940036},"median":{"confidence_interval":{"confidence_level":0.95,"lower_bound":20339679.333333332,"upper_bound":20350761.166666668},"point_estimate":20345696.166666664,"standard_error":2684.036096968406},"median_abs_dev":{"confidence_interval":{"confidence_level":0.95,"lower_bound":20304.509337023723,"upper_bound":35119.82817649841},"point_estimate":28627.769991757326,"standard_error":3840.957971737461},"slope":null,"std_dev":{"confidence_interval":{"confidence_level":0.95,"lower_bound":23566.107825018033,"upper_bound":36961.897273879826},"point_estimate":29795.813616505475,"standard_error":3499.4430562210546}}