{"mean":{"confidence_interval":{"confidence_level":0.95,"lower_bound":302312.3587173609,"upper_bound":302964.2029674889},"point_estimate":302588.2951787784,"standard_error":167.53441555365396},"median":{"confidence_interval":{"confidence_level":0.95,"lower_bound":302215.04156626505,"upper_bound":302360.02362761745},"point_estimate":302285.82386363635,"standard_error":34.90496110808454},"median_abs_dev":{"confidence_interval":{"confidence_level":0.95,"lower_bound":280.4628565419407,"upper_bound":470.5470041137712},"point_estimate":380.8181465393183,"standard_error":47.545014179969336},"slope":{"confidence_interval":{"confidence_level":0.95,"lower_bound":302257.9596088257,"upper_bound":302429.52116578154},"point_estimate":302343.03558445396,"standard_error":43.76760294337641},"std_dev":{"confidence_interval":{"confidence_level":0.95,"lower_bound":518.4661160693016,"upper_bound":2621.1765169752957},"point_estimate":1686.0064988516226,"standard_error":554.964455474801}}