{"mean":{"confidence_interval":{"confidence_level":0.95,"lower_bound":8557032.212708334,"upper_bound":8562077.89},"point_estimate":8559382.399999999,"standard_error":1285.666478433376},"median":{"confidence_interval":{"confidence_level":0.95,"lower_bound":8554827.916666666,"upper_bound":8559100.416666668},"point_estimate":8557022.25,"standard_error":1350.780723830652},"median_abs_dev":{"confidence_interval":{"confidence_level":0.95,"lower_bound":6276.586988568306,"upper_bound":12007.94783681631},"point_estimate":8752.652494608896,"standard_error":1601.7907129776763},"slope":null,"std_dev":{"confidence_interval":{"confidence_level":0.95,"lower_bound":8610.332265053134,"upper_bound":17475.81448411733},"point_estimate":12886.99825135453,"standard_error":2412.3558953650313}}