{"mean":{"confidence_interval":{"confidence_level":0.95,"lower_bound":20201759.159999996,"upper_bound":20214766.043333337},"point_estimate":20208324.353333335,"standard_error":3328.358090525058},"median":{"confidence_interval":{"confidence_level":0.95,"lower_bound":20203662.833333336,"upper_bound":20219540.0},"point_estimate":20210733.166666668,"standard_error":3843.581711855988},"median_abs_dev":{"confidence_interval":{"confidence_level":0.95,"lower_bound":20151.251742241926,"upper_bound":36405.98365366459},"point_estimate":29741.696771979332,"standard_error":4286.731895335578},"slope":null,"std_dev":{"confidence_interval":{"confidence_level":0.95,"lower_bound":28269.162230151724,"upper_bound":37541.61025875712},"point_estimate":33250.25628578371,"standard_error":2377.3410686445723}}