{"mean":{"confidence_interval":{"confidence_level":0.95,"lower_bound":3408280.4486666666,"upper_bound":3410190.8806500006},"point_estimate":3409214.3779999996,"standard_error":487.3000538432266},"median":{"confidence_interval":{"confidence_level":0.95,"lower_bound":3407777.6,"upper_bound":3410272.2666666666},"point_estimate":3409347.2666666666,"standard_error":725.600763020295},"median_abs_dev":{"confidence_interval":{"confidence_level":0.95,"lower_bound":2952.4495875834036,"upper_bound":4842.616294026098},"point_estimate":3764.3707531688756,"standard_error":468.9451378449946},"slope":null,"std_dev":{"confidence_interval":{"confidence_level":0.95,"lower_bound":3889.9364636430914,"upper_bound":5978.064990696963},"point_estimate":4934.082258123228,"standard_error":534.7946245569044}}