{"mean":{"confidence_interval":{"confidence_level":0.95,"lower_bound":3408947.5999999996,"upper_bound":3411183.6580000008},"point_estimate":3410043.550666667,"standard_error":569.1548070641928},"median":{"confidence_interval":{"confidence_level":0.95,"lower_bound":3408343.333333333,"upper_bound":3411725.7333333334},"point_estimate":3410082.033333333,"standard_error":794.9503840402961},"median_abs_dev":{"confidence_interval":{"confidence_level":0.95,"lower_bound":4074.1847276691074,"upper_bound":6710.642840862182},"point_estimate":5173.927968144325,"standard_error":650.8566986993203},"slope":null,"std_dev":{"confidence_interval":{"confidence_level":0.95,"lower_bound":4511.666252543205,"upper_bound":7111.703978415468},"point_estimate":5726.411231672034,"standard_error":683.3412097266709}}