{"mean":{"confidence_interval":{"confidence_level":0.95,"lower_bound":3283330.024921875,"upper_bound":3285344.61875},"point_estimate":3284312.1125,"standard_error":514.6928684635939},"median":{"confidence_interval":{"confidence_level":0.95,"lower_bound":3282206.5625,"upper_bound":3284465.375},"point_estimate":3283604.03125,"standard_error":603.7187985154811},"median_abs_dev":{"confidence_interval":{"confidence_level":0.95,"lower_bound":3505.9910288499696,"upper_bound":5555.71908261627},"point_estimate":4686.452185548842,"standard_error":519.0763444223327},"slope":null,"std_dev":{"confidence_interval":{"confidence_level":0.95,"lower_bound":4282.838643841787,"upper_bound":6027.435143538165},"point_estimate":5200.721875262325,"standard_error":445.8130564326614}}