{"mean":{"confidence_interval":{"confidence_level":0.95,"lower_bound":129685645.4,"upper_bound":130146658.08333333},"point_estimate":129921240.21666667,"standard_error":117611.34046624946},"median":{"confidence_interval":{"confidence_level":0.95,"lower_bound":129823449.5,"upper_bound":130290615.75},"point_estimate":130056042.25,"standard_error":108719.7373718679},"median_abs_dev":{"confidence_interval":{"confidence_level":0.95,"lower_bound":273888.1061375141,"upper_bound":865068.5445919633},"point_estimate":613833.8247522712,"standard_error":151480.98050642057},"slope":null,"std_dev":{"confidence_interval":{"confidence_level":0.95,"lower_bound":462756.407622992,"upper_bound":787523.0210708312},"point_estimate":656735.5451224415,"standard_error":81770.31534422206}}