{"mean":{"confidence_interval":{"confidence_level":0.95,"lower_bound":866650.2879524739,"upper_bound":867734.0908229147},"point_estimate":867107.2675658363,"standard_error":281.04750469568717},"median":{"confidence_interval":{"confidence_level":0.95,"lower_bound":866570.4565217391,"upper_bound":866858.2500843455},"point_estimate":866677.8851396276,"standard_error":72.99613504653013},"median_abs_dev":{"confidence_interval":{"confidence_level":0.95,"lower_bound":599.3263106646835,"upper_bound":1023.1280126054735},"point_estimate":762.9438539519716,"standard_error":105.24340795792835},"slope":{"confidence_interval":{"confidence_level":0.95,"lower_bound":866590.4893395294,"upper_bound":866997.2120628022},"point_estimate":866787.5976163736,"standard_error":103.62046576089963},"std_dev":{"confidence_interval":{"confidence_level":0.95,"lower_bound":862.3553252532322,"upper_bound":4428.51796836633},"point_estimate":2839.344855306664,"standard_error":966.5430292216291}}