{"mean":{"confidence_interval":{"confidence_level":0.95,"lower_bound":3267828.67965625,"upper_bound":3269670.46221875},"point_estimate":3268716.901875,"standard_error":469.7149223140977},"median":{"confidence_interval":{"confidence_level":0.95,"lower_bound":3266740.96875,"upper_bound":3269070.0625},"point_estimate":3267700.65625,"standard_error":596.7214280011624},"median_abs_dev":{"confidence_interval":{"confidence_level":0.95,"lower_bound":2619.2445097491145,"upper_bound":4514.516919851303},"point_estimate":3436.8983952328563,"standard_error":498.9061437216841},"slope":null,"std_dev":{"confidence_interval":{"confidence_level":0.95,"lower_bound":3617.628505966468,"upper_bound":5741.045904632845},"point_estimate":4730.029469562248,"standard_error":545.9051535561848}}