{"mean":{"confidence_interval":{"confidence_level":0.95,"lower_bound":9030780.838333333,"upper_bound":9036133.440374997},"point_estimate":9033434.106666666,"standard_error":1367.256259292037},"median":{"confidence_interval":{"confidence_level":0.95,"lower_bound":9029390.333333334,"upper_bound":9036237.666666666},"point_estimate":9033438.833333332,"standard_error":1952.6089339423377},"median_abs_dev":{"confidence_interval":{"confidence_level":0.95,"lower_bound":10286.27552863208,"upper_bound":16240.029461683223},"point_estimate":13481.158010662062,"standard_error":1497.7852328384665},"slope":null,"std_dev":{"confidence_interval":{"confidence_level":0.95,"lower_bound":11552.392298288965,"upper_bound":15784.841635004967},"point_estimate":13735.000441426811,"standard_error":1087.1149812245505}}