{"mean":{"confidence_interval":{"confidence_level":0.95,"lower_bound":3300807.2304375,"upper_bound":3303425.9416406252},"point_estimate":3302123.799375,"standard_error":667.4905937796208},"median":{"confidence_interval":{"confidence_level":0.95,"lower_bound":3300383.0625,"upper_bound":3304292.84375},"point_estimate":3302086.90625,"standard_error":1065.4159923957257},"median_abs_dev":{"confidence_interval":{"confidence_level":0.95,"lower_bound":5456.384884379804,"upper_bound":9612.946573086083},"point_estimate":7922.643609344959,"standard_error":1041.0376654786921},"slope":null,"std_dev":{"confidence_interval":{"confidence_level":0.95,"lower_bound":5931.151220914242,"upper_bound":7482.371447315933},"point_estimate":6750.908271075618,"standard_error":396.08595035918427}}