{"mean":{"confidence_interval":{"confidence_level":0.95,"lower_bound":19971745.78833333,"upper_bound":19979094.69},"point_estimate":19975368.476666667,"standard_error":1885.3188617305846},"median":{"confidence_interval":{"confidence_level":0.95,"lower_bound":19967607.5,"upper_bound":19979291.166666664},"point_estimate":19972242.666666664,"standard_error":3329.1517143445208},"median_abs_dev":{"confidence_interval":{"confidence_level":0.95,"lower_bound":15214.922774882161,"upper_bound":22570.113599298544},"point_estimate":20158.91184210501,"standard_error":1878.1074357765665},"slope":null,"std_dev":{"confidence_interval":{"confidence_level":0.95,"lower_bound":15386.120631959813,"upper_bound":22375.645075520308},"point_estimate":18976.695876965794,"standard_error":1780.8652255467628}}