{"mean":{"confidence_interval":{"confidence_level":0.95,"lower_bound":7334.192732668691,"upper_bound":7343.834648367796},"point_estimate":7338.152331153642,"standard_error":2.5335064827278755},"median":{"confidence_interval":{"confidence_level":0.95,"lower_bound":7334.291749750748,"upper_bound":7339.304667519182},"point_estimate":7337.408345060512,"standard_error":1.2754777813398441},"median_abs_dev":{"confidence_interval":{"confidence_level":0.95,"lower_bound":6.79227445225946,"upper_bound":11.049219523560936},"point_estimate":9.185159574279565,"standard_error":1.1256463221927286},"slope":{"confidence_interval":{"confidence_level":0.95,"lower_bound":7337.562405479463,"upper_bound":7340.794854462056},"point_estimate":7339.237940915689,"standard_error":0.8244759578507191},"std_dev":{"confidence_interval":{"confidence_level":0.95,"lower_bound":7.586533048960175,"upper_bound":41.83129838897288},"point_estimate":25.421244670401585,"standard_error":10.756374423334282}}