{"mean":{"confidence_interval":{"confidence_level":0.95,"lower_bound":1358893.7583869018,"upper_bound":1367655.890890739},"point_estimate":1362590.2926036408,"standard_error":2288.8156261708205},"median":{"confidence_interval":{"confidence_level":0.95,"lower_bound":1356840.1477272727,"upper_bound":1357449.0},"point_estimate":1357057.320940171,"standard_error":150.06552687024598},"median_abs_dev":{"confidence_interval":{"confidence_level":0.95,"lower_bound":929.4664286063947,"upper_bound":1747.1184195221304},"point_estimate":1215.7135838759764,"standard_error":205.89438098094797},"slope":{"confidence_interval":{"confidence_level":0.95,"lower_bound":1357673.9903946063,"upper_bound":1359254.8011753736},"point_estimate":1358383.4634520467,"standard_error":404.26883362064837},"std_dev":{"confidence_interval":{"confidence_level":0.95,"lower_bound":5021.583061964701,"upper_bound":36121.93345313015},"point_estimate":22838.862733985057,"standard_error":7993.650875211923}}