{"mean":{"confidence_interval":{"confidence_level":0.95,"lower_bound":8982387.594333336,"upper_bound":8988578.22520833},"point_estimate":8985427.420000002,"standard_error":1579.6494213687893},"median":{"confidence_interval":{"confidence_level":0.95,"lower_bound":8981209.833333332,"upper_bound":8986547.666666666},"point_estimate":8983774.916666668,"standard_error":1667.4069816919653},"median_abs_dev":{"confidence_interval":{"confidence_level":0.95,"lower_bound":9633.56397897005,"upper_bound":16320.707610248599},"point_estimate":11913.184988496847,"standard_error":1738.7006300994913},"slope":null,"std_dev":{"confidence_interval":{"confidence_level":0.95,"lower_bound":12884.360236043085,"upper_bound":18492.019623212156},"point_estimate":15800.600172498365,"standard_error":1431.6958226265929}}