{"mean":{"confidence_interval":{"confidence_level":0.95,"lower_bound":8908903.62,"upper_bound":8933710.161791665},"point_estimate":8922578.23,"standard_error":6344.243428130072},"median":{"confidence_interval":{"confidence_level":0.95,"lower_bound":8933715.833333334,"upper_bound":8937238.583333332},"point_estimate":8935773.166666668,"standard_error":862.2607028652491},"median_abs_dev":{"confidence_interval":{"confidence_level":0.95,"lower_bound":7352.441836969838,"upper_bound":13481.158010662062},"point_estimate":9885.235324504752,"standard_error":1549.9966145524384},"slope":null,"std_dev":{"confidence_interval":{"confidence_level":0.95,"lower_bound":33100.1472833722,"upper_bound":88137.3909944101},"point_estimate":64138.05180239433,"standard_error":14263.47584522832}}