{"mean":{"confidence_interval":{"confidence_level":0.95,"lower_bound":72627976.028125,"upper_bound":73070559.61666666},"point_estimate":72844471.275,"standard_error":114249.20826793805},"median":{"confidence_interval":{"confidence_level":0.95,"lower_bound":72456459.25,"upper_bound":73209001.25},"point_estimate":72913463.25,"standard_error":216713.19597002413},"median_abs_dev":{"confidence_interval":{"confidence_level":0.95,"lower_bound":347047.1871636808,"upper_bound":998428.7828743458},"point_estimate":676736.4644855261,"standard_error":153364.1528745235},"slope":null,"std_dev":{"confidence_interval":{"confidence_level":0.95,"lower_bound":490587.6080539992,"upper_bound":747499.1471247283},"point_estimate":632804.3154754516,"standard_error":66449.36928696856}}