{"mean":{"confidence_interval":{"confidence_level":0.95,"lower_bound":8920308.869625002,"upper_bound":8924401.263333332},"point_estimate":8922327.265,"standard_error":1048.957776710905},"median":{"confidence_interval":{"confidence_level":0.95,"lower_bound":8918281.0,"upper_bound":8923017.833333334},"point_estimate":8920665.25,"standard_error":1478.7164133088543},"median_abs_dev":{"confidence_interval":{"confidence_level":0.95,"lower_bound":7064.798909575176,"upper_bound":12062.309835853033},"point_estimate":10185.708919167979,"standard_error":1305.6609524513856},"slope":null,"std_dev":{"confidence_interval":{"confidence_level":0.95,"lower_bound":8650.348057675883,"upper_bound":12589.201464440288},"point_estimate":10660.150242177668,"standard_error":1015.7147217079678}}