{"mean":{"confidence_interval":{"confidence_level":0.95,"lower_bound":8979830.520833336,"upper_bound":8996771.246666668},"point_estimate":8988266.81333333,"standard_error":4340.2490139907495},"median":{"confidence_interval":{"confidence_level":0.95,"lower_bound":8984353.416666668,"upper_bound":9004604.5},"point_estimate":8999041.833333332,"standard_error":5901.190511899019},"median_abs_dev":{"confidence_interval":{"confidence_level":0.95,"lower_bound":29759.858621656895,"upper_bound":58386.02246344044},"point_estimate":42246.4391499767,"standard_error":8040.806780447879},"slope":null,"std_dev":{"confidence_interval":{"confidence_level":0.95,"lower_bound":37818.11756330026,"upper_bound":49238.87837496743},"point_estimate":43746.9710120433,"standard_error":2933.722232301729}}