{"mean":{"confidence_interval":{"confidence_level":0.95,"lower_bound":137464.9998881525,"upper_bound":137959.75319798465},"point_estimate":137685.82285576797,"standard_error":125.10113464376467},"median":{"confidence_interval":{"confidence_level":0.95,"lower_bound":137167.18181818182,"upper_bound":137295.0978349673},"point_estimate":137243.8633168693,"standard_error":27.41405856008396},"median_abs_dev":{"confidence_interval":{"confidence_level":0.95,"lower_bound":179.7842529695927,"upper_bound":409.03337110656537},"point_estimate":260.26071221193445,"standard_error":58.252256605075644},"slope":{"confidence_interval":{"confidence_level":0.95,"lower_bound":137420.6993618445,"upper_bound":137806.30793943006},"point_estimate":137596.4628738732,"standard_error":98.38885781959077},"std_dev":{"confidence_interval":{"confidence_level":0.95,"lower_bound":734.3751768095158,"upper_bound":1802.390861312764},"point_estimate":1262.3187038215635,"standard_error":284.6988136072288}}