{"mean":{"confidence_interval":{"confidence_level":0.95,"lower_bound":20158854.030083332,"upper_bound":20170585.996499993},"point_estimate":20164487.666666664,"standard_error":2985.130722261935},"median":{"confidence_interval":{"confidence_level":0.95,"lower_bound":20155404.0,"upper_bound":20166577.333333336},"point_estimate":20159592.333333336,"standard_error":2832.1132063045657},"median_abs_dev":{"confidence_interval":{"confidence_level":0.95,"lower_bound":15994.535616036548,"upper_bound":28631.97069168091},"point_estimate":23870.106676219973,"standard_error":3276.3538331730188},"slope":null,"std_dev":{"confidence_interval":{"confidence_level":0.95,"lower_bound":22534.39173649683,"upper_bound":37192.65680396661},"point_estimate":29914.533935140556,"standard_error":3774.17718176999}}