{"mean":{"confidence_interval":{"confidence_level":0.95,"lower_bound":14391.400831553969,"upper_bound":14423.140818028234},"point_estimate":14403.148386257728,"standard_error":8.840352723162074},"median":{"confidence_interval":{"confidence_level":0.95,"lower_bound":14390.73850031506,"upper_bound":14395.6445494644},"point_estimate":14393.82410858063,"standard_error":1.3316926198541232},"median_abs_dev":{"confidence_interval":{"confidence_level":0.95,"lower_bound":9.95757778448233,"upper_bound":15.063404398530542},"point_estimate":12.516071599623748,"standard_error":1.2593686716416934},"slope":{"confidence_interval":{"confidence_level":0.95,"lower_bound":14390.077697930501,"upper_bound":14395.852102196413},"point_estimate":14392.884003015486,"standard_error":1.4703424756026302},"std_dev":{"confidence_interval":{"confidence_level":0.95,"lower_bound":14.479287117358288,"upper_bound":148.85743518786},"point_estimate":88.39071224945742,"standard_error":44.98598631413699}}