{"mean":{"confidence_interval":{"confidence_level":0.95,"lower_bound":821496847.2,"upper_bound":822792320.8},"point_estimate":822144282.7666667,"standard_error":332229.15256369655},"median":{"confidence_interval":{"confidence_level":0.95,"lower_bound":821200912.5,"upper_bound":823221894.5},"point_estimate":822191652.0,"standard_error":541178.8646964692},"median_abs_dev":{"confidence_interval":{"confidence_level":0.95,"lower_bound":1107562.9669368267,"upper_bound":2741463.7505292892},"point_estimate":1756209.3510210514,"standard_error":418015.020612349},"slope":null,"std_dev":{"confidence_interval":{"confidence_level":0.95,"lower_bound":1410843.515288411,"upper_bound":2213435.2624897966},"point_estimate":1862699.4522725139,"standard_error":204285.7732325534}}