{"mean":{"confidence_interval":{"confidence_level":0.95,"lower_bound":187651.5311384759,"upper_bound":188157.07048905815},"point_estimate":187874.6195197542,"standard_error":129.5184942456718},"median":{"confidence_interval":{"confidence_level":0.95,"lower_bound":187534.0462962963,"upper_bound":187818.27222222224},"point_estimate":187640.16875,"standard_error":61.94629930453635},"median_abs_dev":{"confidence_interval":{"confidence_level":0.95,"lower_bound":446.21888955143845,"upper_bound":721.2952056559994},"point_estimate":601.4577482571666,"standard_error":68.55218575843013},"slope":{"confidence_interval":{"confidence_level":0.95,"lower_bound":187463.82877120332,"upper_bound":187773.12680357843},"point_estimate":187610.16092557018,"standard_error":78.88134594676393},"std_dev":{"confidence_interval":{"confidence_level":0.95,"lower_bound":674.8143505587965,"upper_bound":1956.4501341019425},"point_estimate":1304.4667207658879,"standard_error":379.9639536466454}}