{"mean":{"confidence_interval":{"confidence_level":0.95,"lower_bound":8674454.21,"upper_bound":8686633.371666662},"point_estimate":8680477.339999996,"standard_error":3109.245577918974},"median":{"confidence_interval":{"confidence_level":0.95,"lower_bound":8664775.166666666,"upper_bound":8688212.916666668},"point_estimate":8679679.416666666,"standard_error":5717.973536048967},"median_abs_dev":{"confidence_interval":{"confidence_level":0.95,"lower_bound":30294.684940911877,"upper_bound":46609.98723875465},"point_estimate":41935.0931555042,"standard_error":3887.119736488141},"slope":null,"std_dev":{"confidence_interval":{"confidence_level":0.95,"lower_bound":28000.320915475953,"upper_bound":34304.746368903776},"point_estimate":31304.968282078316,"standard_error":1606.4164367128742}}