{"mean":{"confidence_interval":{"confidence_level":0.95,"lower_bound":7254.161439539166,"upper_bound":7267.692515513439},"point_estimate":7260.022682600552,"standard_error":3.49385834505636},"median":{"confidence_interval":{"confidence_level":0.95,"lower_bound":7256.681678033532,"upper_bound":7259.508917344981},"point_estimate":7258.070764814918,"standard_error":0.7570473733452899},"median_abs_dev":{"confidence_interval":{"confidence_level":0.95,"lower_bound":5.571263531423726,"upper_bound":11.341458381117882},"point_estimate":7.659251694684768,"standard_error":1.562237360037019},"slope":{"confidence_interval":{"confidence_level":0.95,"lower_bound":7259.737678412755,"upper_bound":7263.753266070618},"point_estimate":7261.598566594492,"standard_error":1.0268986688832846},"std_dev":{"confidence_interval":{"confidence_level":0.95,"lower_bound":12.262393088425192,"upper_bound":54.926791040900206},"point_estimate":35.16169593889303,"standard_error":11.31310384472334}}