{"mean":{"confidence_interval":{"confidence_level":0.95,"lower_bound":9036474.544999998,"upper_bound":9055549.94333333},"point_estimate":9045615.451666664,"standard_error":4878.986452609593},"median":{"confidence_interval":{"confidence_level":0.95,"lower_bound":9025029.5,"upper_bound":9029174.666666666},"point_estimate":9026645.333333334,"standard_error":1125.940227629759},"median_abs_dev":{"confidence_interval":{"confidence_level":0.95,"lower_bound":6528.381884098973,"upper_bound":13460.895811021328},"point_estimate":8241.155503688402,"standard_error":1693.3619431721277},"slope":null,"std_dev":{"confidence_interval":{"confidence_level":0.95,"lower_bound":39198.81576928875,"upper_bound":56836.184734606926},"point_estimate":49329.767290024094,"standard_error":4538.389431773022}}