{"mean":{"confidence_interval":{"confidence_level":0.95,"lower_bound":9051313.488583332,"upper_bound":9075333.943541666},"point_estimate":9063120.6,"standard_error":6166.007503485003},"median":{"confidence_interval":{"confidence_level":0.95,"lower_bound":9015806.166666666,"upper_bound":9090602.666666666},"point_estimate":9023498.083333332,"standard_error":19723.729847691877},"median_abs_dev":{"confidence_interval":{"confidence_level":0.95,"lower_bound":22885.4687912009,"upper_bound":95924.28316075525},"point_estimate":39635.20994633252,"standard_error":21509.951782320877},"slope":null,"std_dev":{"confidence_interval":{"confidence_level":0.95,"lower_bound":57116.8323420436,"upper_bound":65988.71462852931},"point_estimate":62052.587525446994,"standard_error":2262.1625437536486}}