{"mean":{"confidence_interval":{"confidence_level":0.95,"lower_bound":3445510.7326666666,"upper_bound":3447885.6626666677},"point_estimate":3446665.167333334,"standard_error":604.3589869061199},"median":{"confidence_interval":{"confidence_level":0.95,"lower_bound":3444278.533333333,"upper_bound":3446921.966666667},"point_estimate":3445369.8666666667,"standard_error":700.9722661061406},"median_abs_dev":{"confidence_interval":{"confidence_level":0.95,"lower_bound":4090.7404273753,"upper_bound":6952.998516559693},"point_estimate":5436.447003484002,"standard_error":723.6935208618792},"slope":null,"std_dev":{"confidence_interval":{"confidence_level":0.95,"lower_bound":5003.314205384652,"upper_bound":7087.203167722314},"point_estimate":6076.685195097244,"standard_error":534.4941857017218}}