{"mean":{"confidence_interval":{"confidence_level":0.95,"lower_bound":8946184.314000001,"upper_bound":8950718.270208335},"point_estimate":8948416.936666666,"standard_error":1155.5283593944291},"median":{"confidence_interval":{"confidence_level":0.95,"lower_bound":8944576.666666666,"upper_bound":8951058.416666668},"point_estimate":8947979.166666668,"standard_error":1637.0832475383286},"median_abs_dev":{"confidence_interval":{"confidence_level":0.95,"lower_bound":8725.100845098495,"upper_bound":13303.873030059958},"point_estimate":10964.073905346477,"standard_error":1146.8173484779566},"slope":null,"std_dev":{"confidence_interval":{"confidence_level":0.95,"lower_bound":9688.008765696715,"upper_bound":13341.208594948079},"point_estimate":11612.001700627981,"standard_error":934.7584843873817}}