{"mean":{"confidence_interval":{"confidence_level":0.95,"lower_bound":8618366.411208333,"upper_bound":8622216.969499998},"point_estimate":8620247.448333334,"standard_error":981.3421232267708},"median":{"confidence_interval":{"confidence_level":0.95,"lower_bound":8615703.333333334,"upper_bound":8621712.333333334},"point_estimate":8619069.5,"standard_error":1682.6398681887074},"median_abs_dev":{"confidence_interval":{"confidence_level":0.95,"lower_bound":6761.150079963751,"upper_bound":10568.713912369201},"point_estimate":8288.104502856731,"standard_error":989.4512561698723},"slope":null,"std_dev":{"confidence_interval":{"confidence_level":0.95,"lower_bound":7972.247286223473,"upper_bound":11631.412739505582},"point_estimate":9882.964921157332,"standard_error":933.9091807272537}}