{"mean":{"confidence_interval":{"confidence_level":0.95,"lower_bound":142830.6195510099,"upper_bound":142897.12842490213},"point_estimate":142863.24544954608,"standard_error":16.90911775967378},"median":{"confidence_interval":{"confidence_level":0.95,"lower_bound":142855.64818763325,"upper_bound":142857.79017857142},"point_estimate":142856.85830406708,"standard_error":0.4632325697402586},"median_abs_dev":{"confidence_interval":{"confidence_level":0.95,"lower_bound":3.0881900141223673,"upper_bound":5.062681606659316},"point_estimate":3.8533381260339032,"standard_error":0.4881815474165196},"slope":{"confidence_interval":{"confidence_level":0.95,"lower_bound":142858.88758956114,"upper_bound":142903.63484534773},"point_estimate":142878.0847516308,"standard_error":11.572885574240855},"std_dev":{"confidence_interval":{"confidence_level":0.95,"lower_bound":98.54529350798917,"upper_bound":227.92427261145778},"point_estimate":169.8022491892891,"standard_error":32.91517588244642}}