{"mean":{"confidence_interval":{"confidence_level":0.95,"lower_bound":20153300.826666664,"upper_bound":20210135.290000003},"point_estimate":20181537.23,"standard_error":14444.18135150741},"median":{"confidence_interval":{"confidence_level":0.95,"lower_bound":20055567.333333332,"upper_bound":20299447.5},"point_estimate":20140436.833333336,"standard_error":93714.37844779351},"median_abs_dev":{"confidence_interval":{"confidence_level":0.95,"lower_bound":60113.25143277461,"upper_bound":220201.4313906413},"point_estimate":208242.0387029657,"standard_error":49578.41839030195},"slope":null,"std_dev":{"confidence_interval":{"confidence_level":0.95,"lower_bound":138070.08764242165,"upper_bound":150713.59331983535},"point_estimate":145032.1135678309,"standard_error":3222.6686386889373}}