{"mean":{"confidence_interval":{"confidence_level":0.95,"lower_bound":161065.75525134246,"upper_bound":161538.0807141654},"point_estimate":161265.14123149833,"standard_error":122.6836186071057},"median":{"confidence_interval":{"confidence_level":0.95,"lower_bound":160964.64719680976,"upper_bound":161084.30080782314},"point_estimate":161018.23525654673,"standard_error":33.47740481514753},"median_abs_dev":{"confidence_interval":{"confidence_level":0.95,"lower_bound":209.7269213452755,"upper_bound":346.8922632531489},"point_estimate":261.37060359376864,"standard_error":33.596715255939884},"slope":{"confidence_interval":{"confidence_level":0.95,"lower_bound":160906.41690079824,"upper_bound":161018.06733759242},"point_estimate":160960.6772754333,"standard_error":28.501752096100738},"std_dev":{"confidence_interval":{"confidence_level":0.95,"lower_bound":386.4215612792549,"upper_bound":1918.6152603039172},"point_estimate":1226.041385626379,"standard_error":414.6728346853315}}