{"mean":{"confidence_interval":{"confidence_level":0.95,"lower_bound":820285415.4,"upper_bound":821110138.8666667},"point_estimate":820710940.9333333,"standard_error":211604.0665751336},"median":{"confidence_interval":{"confidence_level":0.95,"lower_bound":820279558.0,"upper_bound":821158653.0},"point_estimate":820770083.0,"standard_error":234932.58420434498},"median_abs_dev":{"confidence_interval":{"confidence_level":0.95,"lower_bound":575954.5073747635,"upper_bound":1647823.8799452782},"point_estimate":1011390.4131442308,"standard_error":287416.7964455688},"slope":null,"std_dev":{"confidence_interval":{"confidence_level":0.95,"lower_bound":838865.7951194345,"upper_bound":1426205.996338712},"point_estimate":1169004.2984720222,"standard_error":151824.73924840236}}