{"mean":{"confidence_interval":{"confidence_level":0.95,"lower_bound":162594.1770486168,"upper_bound":162942.93157408983},"point_estimate":162744.96667617536,"standard_error":89.72938374704067},"median":{"confidence_interval":{"confidence_level":0.95,"lower_bound":162531.00515873014,"upper_bound":162658.99885590601},"point_estimate":162603.85889642272,"standard_error":34.18825648092145},"median_abs_dev":{"confidence_interval":{"confidence_level":0.95,"lower_bound":205.76045175127996,"upper_bound":361.8238841477629},"point_estimate":278.06424582094184,"standard_error":41.0312514549654},"slope":{"confidence_interval":{"confidence_level":0.95,"lower_bound":162412.88123974865,"upper_bound":162550.83668558215},"point_estimate":162476.68844180793,"standard_error":35.149621869841184},"std_dev":{"confidence_interval":{"confidence_level":0.95,"lower_bound":386.8106164999577,"upper_bound":1384.2508594097421},"point_estimate":900.5059329414321,"standard_error":285.4683323606931}}