{"mean":{"confidence_interval":{"confidence_level":0.95,"lower_bound":19969835.13333334,"upper_bound":19979282.45333334},"point_estimate":19974471.689999998,"standard_error":2401.1945455949685},"median":{"confidence_interval":{"confidence_level":0.95,"lower_bound":19966915.666666668,"upper_bound":19978715.166666664},"point_estimate":19973750.833333336,"standard_error":3022.8544682138163},"median_abs_dev":{"confidence_interval":{"confidence_level":0.95,"lower_bound":17981.96088075822,"upper_bound":30007.823467249116},"point_estimate":24422.37516642077,"standard_error":3103.4808762635353},"slope":null,"std_dev":{"confidence_interval":{"confidence_level":0.95,"lower_bound":20198.162690895573,"upper_bound":27834.773426883137},"point_estimate":24198.88070740125,"standard_error":1948.6697340785533}}