{"mean":{"confidence_interval":{"confidence_level":0.95,"lower_bound":7281.031646422211,"upper_bound":7300.1208288747885},"point_estimate":7288.33710054528,"standard_error":5.131587020806692},"median":{"confidence_interval":{"confidence_level":0.95,"lower_bound":7279.786335403726,"upper_bound":7283.1365637029085},"point_estimate":7281.938575634058,"standard_error":0.9857078689221792},"median_abs_dev":{"confidence_interval":{"confidence_level":0.95,"lower_bound":5.908631955301905,"upper_bound":9.985724178831966},"point_estimate":7.848003997993464,"standard_error":1.033632149913446},"slope":{"confidence_interval":{"confidence_level":0.95,"lower_bound":7276.686591989743,"upper_bound":7280.66243992956},"point_estimate":7278.583057120767,"standard_error":1.0189237858026898},"std_dev":{"confidence_interval":{"confidence_level":0.95,"lower_bound":8.83212574134341,"upper_bound":86.13409042602613},"point_estimate":51.81307850974527,"standard_error":24.197742789442938}}