{"mean":{"confidence_interval":{"confidence_level":0.95,"lower_bound":20164416.07458333,"upper_bound":20171779.848500006},"point_estimate":20167999.836666666,"standard_error":1872.5504380617213},"median":{"confidence_interval":{"confidence_level":0.95,"lower_bound":20162617.666666668,"upper_bound":20172748.166666668},"point_estimate":20167678.166666664,"standard_error":2913.9554792131507},"median_abs_dev":{"confidence_interval":{"confidence_level":0.95,"lower_bound":14406.423944234848,"upper_bound":21899.101206214982},"point_estimate":17865.823882819142,"standard_error":2032.2153089037588},"slope":null,"std_dev":{"confidence_interval":{"confidence_level":0.95,"lower_bound":15231.642320929403,"upper_bound":22118.308195778784},"point_estimate":18793.568641650596,"standard_error":1767.5059563522368}}