{"mean":{"confidence_interval":{"confidence_level":0.95,"lower_bound":15819.060524859335,"upper_bound":15829.723864840065},"point_estimate":15824.621371489786,"standard_error":2.7032559351514407},"median":{"confidence_interval":{"confidence_level":0.95,"lower_bound":15822.43777647671,"upper_bound":15828.730112526111},"point_estimate":15824.343352845015,"standard_error":1.9708264897724208},"median_abs_dev":{"confidence_interval":{"confidence_level":0.95,"lower_bound":11.790312894334292,"upper_bound":19.128459030627404},"point_estimate":16.754758250538437,"standard_error":1.9312760979354233},"slope":{"confidence_interval":{"confidence_level":0.95,"lower_bound":15829.705283774985,"upper_bound":15838.255883615393},"point_estimate":15833.834707696782,"standard_error":2.174905965001782},"std_dev":{"confidence_interval":{"confidence_level":0.95,"lower_bound":16.98803636358245,"upper_bound":35.802129662921985},"point_estimate":27.009333207595738,"standard_error":4.797791015166778}}