{"mean":{"confidence_interval":{"confidence_level":0.95,"lower_bound":14345.234282730946,"upper_bound":14367.338661622769},"point_estimate":14354.691288622062,"standard_error":5.682539640642251},"median":{"confidence_interval":{"confidence_level":0.95,"lower_bound":14347.256038647343,"upper_bound":14352.605254191087},"point_estimate":14349.196629481312,"standard_error":1.46472457797484},"median_abs_dev":{"confidence_interval":{"confidence_level":0.95,"lower_bound":10.858565698098616,"upper_bound":16.73917573066195},"point_estimate":13.938185567765828,"standard_error":1.4612516373186148},"slope":{"confidence_interval":{"confidence_level":0.95,"lower_bound":14345.784328910044,"upper_bound":14352.401594884748},"point_estimate":14349.042335245855,"standard_error":1.684490137570654},"std_dev":{"confidence_interval":{"confidence_level":0.95,"lower_bound":18.377921078949164,"upper_bound":91.61193833617007},"point_estimate":57.06905365193982,"standard_error":21.160259644115563}}