{"mean":{"confidence_interval":{"confidence_level":0.95,"lower_bound":8885388.246416666,"upper_bound":8890265.669166662},"point_estimate":8887752.875,"standard_error":1252.525522084926},"median":{"confidence_interval":{"confidence_level":0.95,"lower_bound":8882340.166666666,"upper_bound":8889211.75},"point_estimate":8886415.166666668,"standard_error":1907.6991176748822},"median_abs_dev":{"confidence_interval":{"confidence_level":0.95,"lower_bound":8193.92233952611,"upper_bound":13635.224857924528},"point_estimate":11192.517851293087,"standard_error":1387.6769067275402},"slope":null,"std_dev":{"confidence_interval":{"confidence_level":0.95,"lower_bound":9881.945610252134,"upper_bound":15404.276837374839},"point_estimate":12581.277736472275,"standard_error":1437.4453386779019}}