{"mean":{"confidence_interval":{"confidence_level":0.95,"lower_bound":1381734.8911836124,"upper_bound":1392692.441257562},"point_estimate":1385701.4219241843,"standard_error":3136.1184203434173},"median":{"confidence_interval":{"confidence_level":0.95,"lower_bound":1381102.16,"upper_bound":1382076.611111111},"point_estimate":1381397.9899193547,"standard_error":228.08053512442984},"median_abs_dev":{"confidence_interval":{"confidence_level":0.95,"lower_bound":1496.1983627745815,"upper_bound":2380.9835273986437},"point_estimate":1751.3855844714399,"standard_error":228.1321674020396},"slope":{"confidence_interval":{"confidence_level":0.95,"lower_bound":1380539.836006318,"upper_bound":1381416.1060463025},"point_estimate":1380958.3497147923,"standard_error":223.02783782832117},"std_dev":{"confidence_interval":{"confidence_level":0.95,"lower_bound":2539.2818152482314,"upper_bound":53563.89860742381},"point_estimate":31579.39750415281,"standard_error":16945.244976595328}}