{"mean":{"confidence_interval":{"confidence_level":0.95,"lower_bound":153515.4816570147,"upper_bound":153799.1425043257},"point_estimate":153637.12058366803,"standard_error":73.37628547617444},"median":{"confidence_interval":{"confidence_level":0.95,"lower_bound":153447.55555555556,"upper_bound":153536.5194805195},"point_estimate":153498.48784700216,"standard_error":23.71315808973146},"median_abs_dev":{"confidence_interval":{"confidence_level":0.95,"lower_bound":141.34941246750537,"upper_bound":262.156642834087},"point_estimate":186.29568975710427,"standard_error":31.495734239693327},"slope":{"confidence_interval":{"confidence_level":0.95,"lower_bound":153425.60078700568,"upper_bound":153493.25709988046},"point_estimate":153458.3223661044,"standard_error":17.327286556137416},"std_dev":{"confidence_interval":{"confidence_level":0.95,"lower_bound":223.81389923095827,"upper_bound":1129.6301005256328},"point_estimate":739.7682594117301,"standard_error":235.52993120186355}}