{"mean":{"confidence_interval":{"confidence_level":0.95,"lower_bound":8884851.85441667,"upper_bound":8934320.131166669},"point_estimate":8908519.636666667,"standard_error":12636.376512501058},"median":{"confidence_interval":{"confidence_level":0.95,"lower_bound":8849269.333333334,"upper_bound":8880883.333333334},"point_estimate":8868555.416666668,"standard_error":9109.281097705882},"median_abs_dev":{"confidence_interval":{"confidence_level":0.95,"lower_bound":46660.48212286005,"upper_bound":92077.73621529432},"point_estimate":67783.48239660216,"standard_error":10951.044812083615},"slope":null,"std_dev":{"confidence_interval":{"confidence_level":0.95,"lower_bound":104418.88284051591,"upper_bound":143905.39779192937},"point_estimate":126506.77358541635,"standard_error":10098.481540362505}}