{"mean":{"confidence_interval":{"confidence_level":0.95,"lower_bound":7316.357141435917,"upper_bound":7321.186658944256},"point_estimate":7318.70096617368,"standard_error":1.2337989267278568},"median":{"confidence_interval":{"confidence_level":0.95,"lower_bound":7315.81679324112,"upper_bound":7319.973487951884},"point_estimate":7318.685556170449,"standard_error":1.0992433992630557},"median_abs_dev":{"confidence_interval":{"confidence_level":0.95,"lower_bound":6.957223269509129,"upper_bound":12.243753150198584},"point_estimate":9.574961094683324,"standard_error":1.337812105024689},"slope":{"confidence_interval":{"confidence_level":0.95,"lower_bound":7311.677899734603,"upper_bound":7316.158378130349},"point_estimate":7313.868624673484,"standard_error":1.1459516411098463},"std_dev":{"confidence_interval":{"confidence_level":0.95,"lower_bound":9.23247931759613,"upper_bound":15.723376862147074},"point_estimate":12.354647714418762,"standard_error":1.6860037144671534}}