{"mean":{"confidence_interval":{"confidence_level":0.95,"lower_bound":153100.14143143117,"upper_bound":153923.99968032015},"point_estimate":153499.26827087512,"standard_error":210.0450740285211},"median":{"confidence_interval":{"confidence_level":0.95,"lower_bound":152119.90632318502,"upper_bound":153617.95744680852},"point_estimate":153450.02762951335,"standard_error":326.9976602941687},"median_abs_dev":{"confidence_interval":{"confidence_level":0.95,"lower_bound":1229.7639249214144,"upper_bound":3024.901592299422},"point_estimate":2701.9909996098454,"standard_error":405.7021480554785},"slope":{"confidence_interval":{"confidence_level":0.95,"lower_bound":151973.89114048734,"upper_bound":152416.95677185862},"point_estimate":152167.56644725453,"standard_error":113.55601088316527},"std_dev":{"confidence_interval":{"confidence_level":0.95,"lower_bound":1669.8309590348138,"upper_bound":2585.3485435156194},"point_estimate":2118.105122919371,"standard_error":239.46816666026862}}