{"mean":{"confidence_interval":{"confidence_level":0.95,"lower_bound":20155912.61,"upper_bound":20164545.09333333},"point_estimate":20160136.506666675,"standard_error":2199.856020970658},"median":{"confidence_interval":{"confidence_level":0.95,"lower_bound":20151712.833333336,"upper_bound":20161514.666666668},"point_estimate":20157435.166666664,"standard_error":3003.8301377100283},"median_abs_dev":{"confidence_interval":{"confidence_level":0.95,"lower_bound":15028.868833187924,"upper_bound":26688.52922618297},"point_estimate":19797.157448530197,"standard_error":3116.7379568988467},"slope":null,"std_dev":{"confidence_interval":{"confidence_level":0.95,"lower_bound":18684.27086119674,"upper_bound":25416.098876270775},"point_estimate":22248.173906652315,"standard_error":1716.1736912585077}}