{"mean":{"confidence_interval":{"confidence_level":0.95,"lower_bound":401434.4519553929,"upper_bound":401787.3943962921},"point_estimate":401597.80638358335,"standard_error":90.39786894812806},"median":{"confidence_interval":{"confidence_level":0.95,"lower_bound":401363.86928104574,"upper_bound":401660.11808278866},"point_estimate":401489.9472094214,"standard_error":80.26860957147501},"median_abs_dev":{"confidence_interval":{"confidence_level":0.95,"lower_bound":439.3527130068733,"upper_bound":787.621548865521},"point_estimate":549.0328368444848,"standard_error":91.73299210578001},"slope":{"confidence_interval":{"confidence_level":0.95,"lower_bound":401271.3758108074,"upper_bound":401517.6304826455},"point_estimate":401395.56660854147,"standard_error":63.083155378565316},"std_dev":{"confidence_interval":{"confidence_level":0.95,"lower_bound":590.3787988499475,"upper_bound":1278.092235053428},"point_estimate":909.2409089137652,"standard_error":198.82789186723764}}