{"mean":{"confidence_interval":{"confidence_level":0.95,"lower_bound":15842.627746503595,"upper_bound":15852.76393238564},"point_estimate":15847.048722304367,"standard_error":2.5978011350566623},"median":{"confidence_interval":{"confidence_level":0.95,"lower_bound":15839.644330192357,"upper_bound":15846.341647700843},"point_estimate":15842.341806290417,"standard_error":1.7037049587185096},"median_abs_dev":{"confidence_interval":{"confidence_level":0.95,"lower_bound":10.638254716241729,"upper_bound":17.798591760269133},"point_estimate":14.380437075013484,"standard_error":1.857486076784709},"slope":{"confidence_interval":{"confidence_level":0.95,"lower_bound":15843.759684344435,"upper_bound":15850.284865294843},"point_estimate":15846.943055397223,"standard_error":1.6620619460953865},"std_dev":{"confidence_interval":{"confidence_level":0.95,"lower_bound":12.686104127061464,"upper_bound":39.05925702258789},"point_estimate":25.85456090498029,"standard_error":7.50156892746106}}